{
  "bot_states": [
    {
      "ID": 0,
      "direction": 5.7269688373804088,
      "state": {},
      "x_position": -20.900863330484285,
      "y_position": 7.4895537075976648
    },
    {
      "ID": 1,
      "direction": 5.7269688373804088,
      "state": {},
      "x_position": 20.900863330484285,
      "y_position": 170.4895537075976648
    },
    {
      "ID": 2,
      "direction": 5.7269688373804088,
      "state": {},
      "x_position": 120.900863330484285,
      "y_position": 170.4895537075976648
    }
  ],
  "ticks": 292
}
